{"initial_reset_timestamp": 1494925923.855589, "timestamps": [1494925924.919944], "episode_rewards": [2.0], "episode_types": ["t"], "episode_lengths": [262]}